object_id,time,feature1,feature2,cluster
1,1,0.2240086182843931,0.2106435631367724,0
2,1,0.1975877465977267,0.1378876091499458,0
3,1,0.3759603297878897,0.0534941225761044,0
4,1,0.3071548294171593,0.1606612016762278,0
5,1,0.2044798888784644,0.1131351140185913,0
6,1,0.3369968142402515,0.1277353772295093,0
7,1,0.3413138094979439,0.0687626254588293,0
8,1,0.2439031762748086,0.0595206987351071,0
9,1,0.2975545461152986,0.2220971504219633,0
10,1,0.3143864272086846,0.1921730865866064,0
11,1,0.2730337047520317,0.1865502365243899,0
12,1,0.2166346232973978,0.0955668089367856,0
13,1,0.3311479360325763,0.1824724635877651,0
14,1,0.2806518147828931,0.0548736697526983,0
15,1,0.2496474500268502,0.0793092191668005,0
16,1,0.1868929433237865,0.292086543502739,0
17,1,0.6243301173254154,0.4212787259709477,1
18,1,0.627929005385244,0.4548228988208134,1
19,1,0.7219691051931378,0.3400410938108473,1
20,1,0.7152908207704934,0.3800717059088108,1
21,1,0.6796318650122889,0.4338135404071567,1
22,1,0.7425373345166056,0.4892173244299777,1
23,1,0.7369266635392627,0.3547490730031138,1
24,1,0.6986044150603091,0.3795764048722037,1
25,1,0.5940409193921272,0.4229945446070079,1
26,1,0.6843359995734507,0.4858838483291074,1
27,1,0.6549541723629655,0.4792164579705756,1
28,1,0.6930453785237485,0.3323212961988879,1
29,1,0.7336002484450285,0.3694340380483565,1
30,1,0.6969168413200324,0.3267874098862005,1
31,1,0.5923772037218097,0.4967000284203324,1
32,1,0.5986205937280217,0.3423247316099282,1
33,1,0.6228763218567633,0.3317122664384948,1
34,1,0.755029961197405,0.5115489984299012,1
35,1,0.7200534237462202,0.3915942320754096,1
36,1,0.7679039666294895,0.4137438746009719,1
37,1,0.507638181449845,0.5076083490840243,1
38,1,0.5669398393390004,0.6326074072435973,1
39,1,0.3978602232317301,0.6884485960563902,1
40,1,0.4736816839345308,0.6893281446678544,1
41,1,0.4249747541489186,0.7053758576769811,1
42,1,0.5596843775680523,0.8033363066312527,1
43,1,0.5060936489270306,0.6671303766341817,1
44,1,0.4973637647303689,0.6473088232299019,1
45,1,0.393432096259915,0.774806506454631,1
46,1,0.4342730890661167,0.6479498220653692,1
47,1,0.5448308020226438,0.640291713922639,1
48,1,0.34912791405993,0.5416572689799283,1
49,1,0.4828295012068286,0.6772025448538906,1
50,1,0.5059122121323679,0.3236639382706773,1
1,2,0.342123695570522,0.0869290374696488,0
2,2,0.2420123383504367,0.1743135135998514,0
3,2,0.1709456896748263,0.1609162365979501,0
4,2,0.3475311830814772,0.0983804205063217,0
5,2,0.2856181862427034,0.100217654407868,0
6,2,0.2819891175011967,0.2550318561321488,0
7,2,0.2068596966433892,0.0776216783056828,0
8,2,0.1829497773858776,0.1839250543026037,0
9,2,0.1697420264211465,0.0929384786027388,0
10,2,0.2655973876991802,0.2601564300572551,0
11,2,0.2502705428448739,0.1555981305664293,0
12,2,0.2939925654618526,0.0946547259942452,0
13,2,0.2822090883647876,0.110482204818604,0
14,2,0.2880267275581407,0.2676363478264258,0
15,2,0.1770836985573209,0.1869833101621687,0
16,2,0.3194394674762744,0.0006234049783309,0
17,2,0.6402049890429459,0.366503257921666,1
18,2,0.6126021076776507,0.4119954632580924,1
19,2,0.7497979964035127,0.4036492161727701,1
20,2,0.5780059558287743,0.4263364497340326,1
21,2,0.5801399272405106,0.3852523250422633,1
22,2,0.7492629621289096,0.4249244314045203,1
23,2,0.7577580474035874,0.4404216370592204,1
24,2,0.6306774896203969,0.3182370511648699,1
25,2,0.6664114042845731,0.4254534309221717,1
26,2,0.6225272114308213,0.3557046301567205,1
27,2,0.7257399636232729,0.3590249539770565,1
28,2,0.6962947361973796,0.3985769936822259,1
29,2,0.7618904484023735,0.2947403608642114,1
30,2,0.6133975461732949,0.4452033300661116,1
31,2,0.7099327374473562,0.3088087183242436,1
32,2,0.6030259711202199,0.3316528753857903,1
33,2,0.684742932971383,0.4699646171475697,1
34,2,0.6194323614513545,0.330058498957854,1
35,2,0.7132726446861365,0.3741142814709554,1
36,2,0.7454517320661526,0.4892905718032583,1
37,2,0.8941983646703726,0.4973277013510773,-1
38,2,0.4563051882925368,0.6483601628930767,2
39,2,0.6014843970973911,0.6596603061828188,2
40,2,0.5630310987608936,0.7719879814982876,2
41,2,0.5377372969388459,0.7297571888467325,2
42,2,0.5032487955325681,0.6902039653461572,2
43,2,0.5494155513238294,0.664109010191951,2
44,2,0.5154823424781687,0.6860146035651628,2
45,2,0.4936565064807923,0.8121413982168473,2
46,2,0.5335724997598869,0.7630424702187822,2
47,2,0.5495778065095412,0.6342560478285388,2
48,2,0.6616232318100141,0.9214587036040384,-1
49,2,0.9262216701647324,0.9572450137938592,-1
50,2,0.5887848315405608,0.5453472982450591,2
1,3,0.34267296726061,0.1497266818471311,0
2,3,0.2841737656769406,0.3156441142111806,0
3,3,0.1904373328256441,0.2476850463878441,0
4,3,0.1516862619898391,0.1986489285074318,0
5,3,0.277905061917764,0.243511365337782,0
6,3,0.2980051133292359,0.1428073797989111,0
7,3,0.2125197435012684,0.2982667689108139,0
8,3,0.259908078454461,0.2157195577530182,0
9,3,0.2235141735199411,0.3226738890569613,0
10,3,0.2579672981428332,0.1291328799766124,0
11,3,0.3029540838855444,0.1912019870049637,0
12,3,0.2297946119921755,0.1681449974261965,0
13,3,0.2318830069885946,0.1904014695265036,0
14,3,0.16084342574567,0.2513615901898306,0
15,3,0.1636940003141065,0.282279311834287,0
16,3,0.0057756580157632,0.3658202235772169,0
17,3,0.7373632140274572,0.3252947314378348,1
18,3,0.6684566589093681,0.3720143284792847,1
19,3,0.7685499517318303,0.3567809121785315,1
20,3,0.7593126250134489,0.4384114542909454,1
21,3,0.5927137696444925,0.3165122036535932,1
22,3,0.7534411444308868,0.3990670613984259,1
23,3,0.7695589217760792,0.2828518015057265,1
24,3,0.6819690819100993,0.4321584771504114,1
25,3,0.6837006017931079,0.3796651411891847,1
26,3,0.7707198004229416,0.28024610737145,1
27,3,0.587034841486019,0.4163591453726562,1
28,3,0.6919493059214162,0.2856561745559138,1
29,3,0.742198744457741,0.3022888358537249,1
30,3,0.6016900182057936,0.3051149896214806,1
31,3,0.5829486455998327,0.3267481935844221,1
32,3,0.7316505088425131,0.3363914437553302,1
33,3,0.7686567654962856,0.2539686237983006,1
34,3,0.6103510834692785,0.2743500544371464,1
35,3,0.6906251838803721,0.2855180780145182,1
36,3,0.7091860286659448,0.3502257227265585,1
37,3,0.7161540204921781,0.5180850221592939,1
38,3,0.6138719030655178,0.8250322058553292,2
39,3,0.5000811240200225,0.669025750197861,2
40,3,0.5122335953635214,0.6398426784453758,2
41,3,0.491752548602645,0.6527235200114898,2
42,3,0.4464623406092909,0.716168163505458,2
43,3,0.4459580494984601,0.7323448451903357,2
44,3,0.6148426116548384,0.7788149622558052,2
45,3,0.4551601960544055,0.7817958548487186,2
46,3,0.4827520735698825,0.7973707109786689,2
47,3,0.5734914593594322,0.7450418341474675,2
48,3,0.5127308936200557,0.9764492946163944,2
49,3,0.3685128234335095,0.3850437346493665,0
50,3,0.1817823333385725,0.0594877755342242,0
1,4,0.3157246776246298,0.1748447845323527,0
2,4,0.3213584464938169,0.2101940210830213,0
3,4,0.2200257596962798,0.3180075717830991,0
4,4,0.2540159005726061,0.1997865051816766,0
5,4,0.3458153952721237,0.1990646127403064,0
6,4,0.3073361695320393,0.1594045680605303,0
7,4,0.3424898380328495,0.1769750284049771,0
8,4,0.1839358459163299,0.3202444075144371,0
9,4,0.2083863258462086,0.3144964579658176,0
10,4,0.371068315005348,0.2465041462260521,0
11,4,0.1762100425252238,0.1373747595359697,0
12,4,0.215555466011684,0.2029683461653024,0
13,4,0.2961448308208021,0.3184792755478162,0
14,4,0.2447413161825815,0.1533215188649292,0
15,4,0.2862215251050814,0.1526525379101258,0
16,4,0.0671292261965803,0.2531724837972358,0
17,4,0.6351394533555423,0.3636675966040065,1
18,4,0.7968024807136053,0.3671800865592741,1
19,4,0.6618311174924456,0.3841809966151078,1
20,4,0.6408986165637226,0.457483848109284,1
21,4,0.7319270398447593,0.3067313571219711,1
22,4,0.7975770616976887,0.3918996349647462,1
23,4,0.6554645694872578,0.4103508078396701,1
24,4,0.7946395978053313,0.3571897660507012,1
25,4,0.6075102554706003,0.3273534722958787,1
26,4,0.616453285184947,0.3935407582632306,1
27,4,0.6670194939720769,0.4581300599683087,1
28,4,0.6459653705243038,0.2908357441157237,1
29,4,0.6976537657563079,0.31248958712624,1
30,4,0.6668086460634202,0.3329181295567146,1
31,4,0.6403589931135093,0.415060141978615,1
32,4,0.7919647371820091,0.3618405338035675,1
33,4,0.7324358395931122,0.35244339308671,1
34,4,0.7877329026044162,0.3983951694732007,1
35,4,0.6105778400073674,0.4361820485538935,1
36,4,0.6467005107114371,0.2971969827929684,1
37,4,0.4644058425388738,0.5579471401742454,1
38,4,0.4566828305098549,0.6948621496361108,1
39,4,0.4588751194841933,0.6835086529924718,1
40,4,0.5818669337176767,0.7130313256728513,1
41,4,0.5303497049337146,0.7309305272960998,1
42,4,0.487412371700784,0.8332350519454192,1
43,4,0.5255931428589066,0.7294925342099543,1
44,4,0.5647222456376744,0.7047836020048641,1
45,4,0.4238844661565774,0.8150317921995494,1
46,4,0.5861913899927439,0.8290955934435189,1
47,4,0.5551703670060001,0.8622140961420541,1
48,4,0.7288341403308309,0.8096515223374086,1
49,4,0.9912811336382074,0.8397666317730873,-1
50,4,0.7523142103703251,0.8306110236530397,1
1,5,0.2837140015441989,0.2225210836064402,0
2,5,0.3462679626012207,0.158352481417388,0
3,5,0.3708692462823974,0.1155682794303225,0
4,5,0.3365272098435298,0.2360932505192387,0
5,5,0.3694850577581139,0.180639468365487,0
6,5,0.2132792044072196,0.0914442302043708,0
7,5,0.2992014548645585,0.1164180436808735,0
8,5,0.3193706588791526,0.0986067652241463,0
9,5,0.3494637237375712,0.1262338797240794,0
10,5,0.1960367553019938,0.1169224147207776,0
11,5,0.2847734136793866,0.1936013688927189,0
12,5,0.2710907137184297,0.1163622578314935,0
13,5,0.2898462442989132,0.2710397512753093,0
14,5,0.3005198737521722,0.2700097821025709,0
15,5,0.1991885749753573,0.2803830823184736,0
16,5,0.4879309742035078,0.2039291651230307,0
17,5,0.73723006639394,0.414707489113211,0
18,5,0.6408038689864077,0.414788319719872,0
19,5,0.7674609531121799,0.462092705274914,0
20,5,0.6375317664343122,0.3881086738643557,0
21,5,0.7273522949575659,0.442850347432965,0
22,5,0.6985253968142761,0.4061107995402207,0
23,5,0.8051136366890692,0.3433799232297932,0
24,5,0.7287867819764868,0.4523365607399095,0
25,5,0.6325308531703222,0.4684317685755051,0
26,5,0.6883057134265912,0.3650895018146034,0
27,5,0.6832373042212363,0.4331631942672498,0
28,5,0.7322380800168823,0.423170630217916,0
29,5,0.6464759899793221,0.4497046803227073,0
30,5,0.7898758256118972,0.4096876243041514,0
31,5,0.670263459181382,0.3255482752999616,0
32,5,0.7161179426690052,0.2866431548507564,0
33,5,0.8164212862516346,0.3551890603735165,0
34,5,0.8163801693630716,0.3102084339028289,0
35,5,0.7553185507194706,0.433376581485869,0
36,5,0.7546094554267007,0.3582480333074784,0
37,5,0.4852695533982835,0.3413658859692473,0
38,5,0.4688461960303905,0.8256637723407284,1
39,5,0.4532230358703768,0.6985062220142184,1
40,5,0.4221369878232419,0.7124693916556376,1
41,5,0.5299816781624805,0.8216569422047793,1
42,5,0.4900313578852402,0.7475530347617017,1
43,5,0.529224582996326,0.7734934255825139,1
44,5,0.4823158372680082,0.7233080847592881,1
45,5,0.5828415354039028,0.7724988631805252,1
46,5,0.4776851141934988,0.725549476703385,1
47,5,0.473038278844203,0.7781465374604263,1
48,5,0.4460004202918278,0.906013496070306,1
49,5,0.8774862803545229,0.1145258690553829,-1
50,5,0.3383587289719399,0.1994984142666268,0
1,6,0.3776903411184983,0.0985805325285765,0
2,6,0.324345547169603,0.1938949668155468,0
3,6,0.2558470869519542,0.2304501441895169,0
4,6,0.3399186949486765,0.106106717478146,0
5,6,0.3356875733403804,0.1761710505010209,0
6,6,0.2938265971170751,0.2128170212435054,0
7,6,0.2063730675652955,0.2060482809794816,0
8,6,0.2704120037106733,0.2612115086410888,0
9,6,0.2420045121572312,0.2500890129658309,0
10,6,0.3417013691952876,0.2104619028025498,0
11,6,0.3709533330937253,0.0926644939930801,0
12,6,0.3151752988261895,0.2081194947280961,0
13,6,0.3313946455359336,0.1667999986055659,0
14,6,0.2095764020785195,0.1232827151742063,0
15,6,0.3174066488726155,0.1217273007513098,0
16,6,0.0782217296077113,0.1128618153768091,0
17,6,0.8094333157909134,0.5094967000758696,1
18,6,0.810752880500689,0.3519049825758459,1
19,6,0.620652237120873,0.3765395034378111,1
20,6,0.6163008078918779,0.3418925570709318,1
21,6,0.7301545522900306,0.3583082303384507,1
22,6,0.7368657180404374,0.394251595533285,1
23,6,0.669533404962984,0.5119852102477525,1
24,6,0.6519719562716089,0.4945965016364821,1
25,6,0.720084041364093,0.4507172269613805,1
26,6,0.6435195927922538,0.4671154185819177,1
27,6,0.792631798479025,0.3577440766441868,1
28,6,0.7092747103639213,0.4487827081795175,1
29,6,0.7096581955071795,0.46852414170485,1
30,6,0.7435804150045248,0.3809250496887082,1
31,6,0.7509328171411627,0.4727415344398774,1
32,6,0.707398668734365,0.4361958147430718,1
33,6,0.7416447374069601,0.4134984394591099,1
34,6,0.6324809157279826,0.3996615250587836,1
35,6,0.770318213584545,0.4629107384312874,1
36,6,0.6295577023565122,0.4137368987809193,1
37,6,0.7585817841608992,0.4345863842699808,1
38,6,0.5009789277983394,0.7233246878458451,2
39,6,0.5315314496427994,0.7102923943790025,2
40,6,0.4184687134683836,0.8625120851956185,2
41,6,0.390775601254975,0.751446840793355,2
42,6,0.4495085649247589,0.8854233872365062,2
43,6,0.5607087532996321,0.7398315940381484,2
44,6,0.4951117063851675,0.862195646726035,2
45,6,0.4697439822410055,0.7591870894014213,2
46,6,0.397414597108372,0.710237674202487,2
47,6,0.3758718880236387,0.7058629591936938,2
48,6,0.578997920486203,0.8418288853614626,2
49,6,0.2895058025968583,0.4244629784939858,0
50,6,0.1013480483285593,0.6230563686881045,-1
1,7,0.1980019584943091,0.2441364361946008,0
2,7,0.2595734960203442,0.2455857786334211,0
3,7,0.1945217219048547,0.2798295159848393,0
4,7,0.3108566738491023,0.2842946264908568,0
5,7,0.3900705901056113,0.2555784955663596,0
6,7,0.2140546876675286,0.158774311149424,0
7,7,0.2390709218252021,0.2450185343539158,0
8,7,0.2312401791042413,0.1332525133695333,0
9,7,0.2149288973100015,0.1130398332172639,0
10,7,0.3804338007942697,0.2842602833323443,0
11,7,0.2672932065179317,0.2372328592664316,0
12,7,0.2863094835971181,0.1934243203187685,0
13,7,0.2667052987427489,0.2159643559844829,0
14,7,0.2400382598418137,0.1402945483152906,0
15,7,0.2963730514385106,0.12849313598938,0
16,7,0.2624355375362925,0.4109725876031155,1
17,7,0.7191659739455709,0.439935030489318,2
18,7,0.7676176340772403,0.4483197067854316,2
19,7,0.5821575174924902,0.3897699404364746,2
20,7,0.7201082416771476,0.3487548972107512,2
21,7,0.772698801079791,0.4726036147282858,2
22,7,0.7326936938363825,0.3667792902558247,2
23,7,0.5810504448725041,0.50740497728014,2
24,7,0.6818937520882575,0.421204037497147,2
25,7,0.6833601265095235,0.4864348050972444,2
26,7,0.6541971449561644,0.4873458340438839,2
27,7,0.6120786244754657,0.5288536610000978,2
28,7,0.7188720579211973,0.3965101318558572,2
29,7,0.6751137779033393,0.5090701097035659,2
30,7,0.6448155684870706,0.4726021902053954,2
31,7,0.7615465031122375,0.524923763223056,2
32,7,0.6308431629490906,0.4917431218361483,2
33,7,0.7014276003390165,0.4945074145139891,2
34,7,0.5935985792905122,0.4153949380444011,2
35,7,0.6700091261724376,0.4957025620026398,2
36,7,0.6701072640523443,0.3412000518882019,2
37,7,0.5342920689094789,0.5985670715838481,-1
38,7,0.5208220005043338,0.8228642155791649,3
39,7,0.3961134491836366,0.9150300477592724,3
40,7,0.4567423212583825,0.8889515698560939,3
41,7,0.3601592495221083,0.8856633613200057,3
42,7,0.4121538749935164,0.7510122085636324,3
43,7,0.3332707911156737,0.7927951248930674,3
44,7,0.3705441895299595,0.7936233024197389,3
45,7,0.5059859501094535,0.8193981867392773,3
46,7,0.3652562001556982,0.7608927160958898,3
47,7,0.3348227915727317,0.8210738328356035,3
48,7,0.3839063431242116,0.62954489441877,-1
49,7,0.3090350725438523,0.4635874596935034,1
50,7,0.5786682154094126,0.9354256417209628,-1
1,8,0.3050250787097841,0.060907651519172,0
2,8,0.1952782620425024,0.2196749261614438,0
3,8,0.2660816515906677,0.0934871953183893,0
4,8,0.1567528821547052,0.104383716370045,0
5,8,0.2050607679173055,0.2094028492441385,0
6,8,0.3401418658696566,0.2066047386918793,0
7,8,0.3253809827913385,0.2354831667720416,0
8,8,0.3203461152277969,0.2333419731667958,0
9,8,0.3385387028444314,0.0682300286802001,0
10,8,0.2085667017987503,0.098783623488645,0
11,8,0.2658651145425996,0.1476880113602868,0
12,8,0.2144193570329484,0.2167678147810027,0
13,8,0.2248493779453227,0.0911334726262763,0
14,8,0.2003087179675346,0.1416969248522811,0
15,8,0.2671248104344229,0.1630346649596079,0
16,8,0.2149976481238692,-0.0074856423610759,0
17,8,0.6339392693778996,0.4948037788279024,1
18,8,0.7912234455100909,0.3976060321118623,1
19,8,0.7143545328455427,0.3983154686007445,1
20,8,0.6286771647374976,0.4869479321058878,1
21,8,0.6497776789519014,0.3575863742874104,1
22,8,0.79985939714521,0.3594452432654273,1
23,8,0.7699280558414033,0.5031839273805245,1
24,8,0.6681377942341921,0.4146100753499477,1
25,8,0.6625713173091746,0.4817919195176303,1
26,8,0.8127011682240196,0.488970289428255,1
27,8,0.71658805400013,0.4476520814460529,1
28,8,0.6995864748985364,0.4830530330562104,1
29,8,0.671858020875357,0.3892542254033999,1
30,8,0.7572472231448318,0.3911593490893052,1
31,8,0.815652546565714,0.4856131092887612,1
32,8,0.6547674965673425,0.3444424255827614,1
33,8,0.737605967249694,0.3669777092220848,1
34,8,0.7179739999150215,0.460208218459022,1
35,8,0.7796816716366946,0.4177898328472447,1
36,8,0.7271888270085691,0.5030779699520843,1
37,8,0.5353204355951164,0.3581559715502206,-1
38,8,0.3291417979257115,0.8191537532162664,2
39,8,0.3568307194782129,0.7604484936289566,2
40,8,0.4757379132461083,0.8100994776593675,2
41,8,0.3967168347912184,0.8352971596760244,2
42,8,0.4720957202605051,0.8498096243137548,2
43,8,0.5152117487381406,0.8674936603697717,2
44,8,0.3935572020502363,0.9150382232878724,2
45,8,0.3284618171248729,0.7619837635236693,2
46,8,0.3496498149545637,0.8006976624231652,2
47,8,0.3960709103202017,0.8022050126277986,2
48,8,0.4917223743938618,0.7482873981951914,2
49,8,0.9440052076253332,0.3877283201035614,-1
50,8,0.677909420694909,0.5733430590698092,1
